"","Site","LiCor.LAI.s","Thim.LAI.s","Tree.LAI.s"
"1","DavH",0.73,0.74,1.15415362711497
"2","HDF1",1.136,1.118,1.51440089508536
"3","HDR",0.7975,0.815,1.21492302120912
"4","LBR",0.604,0.62,0.325850589370264
"5","LDF2",0.17,0.2175,0.425758147281296
"6","LDF3",0.3075,0.3175,0.266416177139045
"7","MDF1",0.5225,0.5475,0.747561024214707
"8","MDF2",0.771666666666667,0.755,0.438121126824094
"9","MDF4",0.5725,0.5975,0.558266289392042
